model,variant,subset,AUC,EER,HTER,ACC,AUC_video
CNN[EffNet-B0] train=clean,clean,Deepfakes,0.8584027777777777,0.20833333333333337,0.22916666666666666,0.7708333333333334,0.8775000000000001
CNN[EffNet-B0] train=clean,clean,FaceSwap,0.7781944444444444,0.27083333333333337,0.2708333333333333,0.7291666666666666,0.7977777777777779
CNN[EffNet-B0] train=clean,clean,Face2Face,0.8564583333333333,0.1875,0.23333333333333334,0.7666666666666667,0.8711111111111112
CNN[EffNet-B0] train=clean,clean,NeuralTextures,0.8744444444444445,0.21250000000000002,0.2125,0.7875,0.8952777777777778
CNN[EffNet-B0] train=clean,clean,FaceSwap-group,0.818298611111111,0.24791666666666667,0.25,0.7777777777777778,0.8376388888888888
CNN[EffNet-B0] train=clean,clean,Reenact-group,0.865451388888889,0.20625000000000004,0.22291666666666665,0.8138888888888889,0.8831944444444445
CNN[EffNet-B0] train=clean,clean,ALL-seen,0.841875,0.21666666666666667,0.23645833333333333,0.8216666666666667,0.8604166666666666
CNN[EffNet-B0] train=clean,clean,FaceShifter(unseen),0.660625,0.36249999999999993,0.37916666666666665,0.6208333333333333,0.6744444444444445
CNN[EffNet-B0] train=clean,rc_seen,Deepfakes,0.4917708333333333,0.49583333333333335,0.5125,0.4875,0.4534722222222222
CNN[EffNet-B0] train=clean,rc_seen,FaceSwap,0.4784375,0.5125,0.4916666666666667,0.5083333333333333,0.45291666666666663
CNN[EffNet-B0] train=clean,rc_seen,Face2Face,0.5311458333333333,0.4916666666666667,0.4708333333333333,0.5291666666666667,0.545138888888889
CNN[EffNet-B0] train=clean,rc_seen,NeuralTextures,0.48406249999999995,0.5208333333333334,0.4916666666666667,0.5083333333333333,0.4802777777777778
CNN[EffNet-B0] train=clean,rc_seen,FaceSwap-group,0.48510416666666667,0.5083333333333333,0.5020833333333333,0.36944444444444446,0.45319444444444446
CNN[EffNet-B0] train=clean,rc_seen,Reenact-group,0.5076041666666666,0.5,0.48125,0.3972222222222222,0.5127083333333333
CNN[EffNet-B0] train=clean,rc_seen,ALL-seen,0.49635416666666665,0.5020833333333333,0.4916666666666667,0.2833333333333333,0.4829513888888889
CNN[EffNet-B0] train=clean,rc_seen,FaceShifter(unseen),0.4826041666666666,0.5083333333333333,0.5125,0.4875,0.42847222222222225
CNN[EffNet-B0] train=clean,rc_unseen,Deepfakes,0.5218402777777778,0.5041666666666667,0.48750000000000004,0.5125,0.5427777777777777
CNN[EffNet-B0] train=clean,rc_unseen,FaceSwap,0.5221527777777777,0.5083333333333333,0.4916666666666667,0.5083333333333333,0.5219444444444444
CNN[EffNet-B0] train=clean,rc_unseen,Face2Face,0.5205208333333334,0.475,0.4916666666666667,0.5083333333333333,0.5249999999999999
CNN[EffNet-B0] train=clean,rc_unseen,NeuralTextures,0.5325347222222222,0.4833333333333333,0.4833333333333333,0.5166666666666667,0.5408333333333334
CNN[EffNet-B0] train=clean,rc_unseen,FaceSwap-group,0.5219965277777778,0.50625,0.48958333333333337,0.425,0.5323611111111112
CNN[EffNet-B0] train=clean,rc_unseen,Reenact-group,0.5265277777777777,0.47291666666666665,0.48750000000000004,0.42777777777777776,0.5329166666666667
CNN[EffNet-B0] train=clean,rc_unseen,ALL-seen,0.5242621527777778,0.4833333333333333,0.48854166666666665,0.35833333333333334,0.5326388888888889
CNN[EffNet-B0] train=clean,rc_unseen,FaceShifter(unseen),0.5555208333333332,0.47916666666666663,0.4375,0.5625,0.5738888888888889
CNN[EffNet-B0] train=aug,clean,Deepfakes,0.8897222222222222,0.1958333333333333,0.20833333333333334,0.7916666666666666,0.9030555555555555
CNN[EffNet-B0] train=aug,clean,FaceSwap,0.790625,0.275,0.39999999999999997,0.6,0.8108333333333333
CNN[EffNet-B0] train=aug,clean,Face2Face,0.8350694444444444,0.2416666666666667,0.29166666666666663,0.7083333333333334,0.8541666666666666
CNN[EffNet-B0] train=aug,clean,NeuralTextures,0.8294444444444444,0.2416666666666667,0.2875,0.7125,0.8416666666666667
CNN[EffNet-B0] train=aug,clean,FaceSwap-group,0.8401736111111111,0.2354166666666667,0.30416666666666664,0.6194444444444445,0.8569444444444444
CNN[EffNet-B0] train=aug,clean,Reenact-group,0.8322569444444445,0.23958333333333337,0.2895833333333333,0.6388888888888888,0.8479166666666667
CNN[EffNet-B0] train=aug,clean,ALL-seen,0.8362152777777778,0.23958333333333337,0.296875,0.57,0.8524305555555555
CNN[EffNet-B0] train=aug,clean,FaceShifter(unseen),0.6027083333333333,0.42500000000000004,0.475,0.525,0.6119444444444445
CNN[EffNet-B0] train=aug,rc_seen,Deepfakes,0.6251388888888889,0.4041666666666667,0.47916666666666663,0.5208333333333334,0.6480555555555556
CNN[EffNet-B0] train=aug,rc_seen,FaceSwap,0.5529861111111111,0.45833333333333337,0.4833333333333333,0.5166666666666667,0.5575
CNN[EffNet-B0] train=aug,rc_seen,Face2Face,0.5307638888888889,0.45833333333333337,0.5125,0.4875,0.5427777777777778
CNN[EffNet-B0] train=aug,rc_seen,NeuralTextures,0.59,0.43333333333333335,0.4708333333333333,0.5291666666666667,0.5994444444444444
CNN[EffNet-B0] train=aug,rc_seen,FaceSwap-group,0.5890625,0.4395833333333333,0.48124999999999996,0.39444444444444443,0.6027777777777777
CNN[EffNet-B0] train=aug,rc_seen,Reenact-group,0.5603819444444444,0.44999999999999996,0.4916666666666667,0.38055555555555554,0.5711111111111111
CNN[EffNet-B0] train=aug,rc_seen,ALL-seen,0.5747222222222221,0.4354166666666667,0.4864583333333333,0.2866666666666667,0.5869444444444444
CNN[EffNet-B0] train=aug,rc_seen,FaceShifter(unseen),0.5222916666666667,0.45833333333333337,0.4833333333333333,0.5166666666666667,0.5027777777777778
CNN[EffNet-B0] train=aug,rc_unseen,Deepfakes,0.5699305555555556,0.4458333333333333,0.48333333333333334,0.5166666666666667,0.5947222222222223
CNN[EffNet-B0] train=aug,rc_unseen,FaceSwap,0.5201388888888889,0.4916666666666667,0.48333333333333334,0.5166666666666667,0.5308333333333333
CNN[EffNet-B0] train=aug,rc_unseen,Face2Face,0.5113194444444444,0.5083333333333333,0.4708333333333333,0.5291666666666667,0.5291666666666667
CNN[EffNet-B0] train=aug,rc_unseen,NeuralTextures,0.4970833333333333,0.5166666666666666,0.5,0.5,0.5088888888888888
CNN[EffNet-B0] train=aug,rc_unseen,FaceSwap-group,0.5450347222222223,0.46875,0.48333333333333334,0.3861111111111111,0.5627777777777778
CNN[EffNet-B0] train=aug,rc_unseen,Reenact-group,0.504201388888889,0.5166666666666666,0.48541666666666666,0.38333333333333336,0.5190277777777778
CNN[EffNet-B0] train=aug,rc_unseen,ALL-seen,0.5246180555555555,0.49895833333333334,0.484375,0.28,0.5409027777777778
CNN[EffNet-B0] train=aug,rc_unseen,FaceShifter(unseen),0.5211805555555555,0.4833333333333333,0.475,0.525,0.5166666666666666
