,0
t_acc_ratio,0.0385532407407407
b_lp05,0.0197048611111111
f_rad05,0.01519097222222221
t_acc_c,0.013692129629629624
t_diff_r_sd,0.009670138888888902
t_mag_c_sd,0.006168981481481484
f_rad12,0.006024305555555554
f_pk_p999,0.00583333333333332
f_blk_v,0.005063657407407403
t_rel,0.004861111111111094
f_dct_zero,0.004519675925925874
f_cr_rad1,0.00449074074074074
f_slope,0.004461805555555605
f_cr_rad2,0.004415509259259191
f_cb_rad2,0.0034143518518517935
f_rad09,0.0033796296296296027
t_mag_ratio,0.003142361111111066
b_lp00,0.0031250000000000075
t_mag_r_sd,0.0030729166666666843
f_rad02,0.0028761574074073946
